{"forwarding_auto_reconnect":false,"custom_size":false,"delete_time":0,"secret_key_id":"","user_name":"root","remote_port_forwarding":{},"conection_type":100,"sort_time":0,"description":"","proxy_id":"0","authentication_type":1,"drivestoredirect":true,"delete_key_sequence":0,"password":"JAccLEVrWB68To4jioE9dg==","modified_time":1752597496335,"host":"66.112.211.55","accelerate":false,"id":"evnqt9hlgmoghukb","height":0,"order":0,"create_time":1752597455311,"port_forwarding_list":[],"parent_update_time":0,"rename_time":1752597496335,"backspace_key_sequence":2,"fullscreen":false,"port":28895,"terminal_encoding":"UTF-8","parent_id":"root","exec_channel_enable":true,"width":0,"name":"搬瓦工-1H0.5G10","access_time":1752597636894}