{"forwarding_auto_reconnect":false,"custom_size":false,"delete_time":0,"secret_key_id":"","user_name":"root","remote_port_forwarding":{},"conection_type":100,"sort_time":0,"description":"","proxy_id":"0","authentication_type":1,"drivestoredirect":true,"delete_key_sequence":0,"password":"SC07GDFibmRzHCgd1uVcCPkOjriBp8nN","modified_time":1752597292189,"host":"103.110.80.247","accelerate":false,"id":"yeszjk2iztxrjdul","height":0,"order":0,"create_time":1752597292189,"port_forwarding_list":[],"parent_update_time":0,"rename_time":0,"backspace_key_sequence":2,"fullscreen":false,"port":31825,"terminal_encoding":"UTF-8","parent_id":"root","exec_channel_enable":true,"width":0,"name":"狐蒂云-4H4G40","access_time":1752597623765}